Question,Response
How satisfied are customers with their purchases?,"Unfortunately, there is no customer satisfaction data in the dataset to answer this."
What is the demographic profile of our customers?,The dataset lacks detailed demographic data necessary to analyze customer profiles.
Where do the products come from?,There is no supply chain information in the dataset to determine the origin of products.
How well are employees performing against their sales targets?,Employee performance metrics and sales targets are not included in the dataset.
Can we get a detailed financial report for last quarter?,"We are unable to provide a detailed financial report for last quarter as the dataset does not include comprehensive financial records such as expenses, profits, or detailed tax information."
What has been the impact of recent marketing campaigns?,"Unfortunately, the dataset does not include marketing campaign data to analyze their impact."
What are the production costs associated with each music album?,Production costs and other details related to music production are not available in the dataset.
hat is the average income of our customers?,"The dataset does not include customer income data, so we cannot determine the average income of our customers."
Which albums are most frequently purchased together?,The dataset does not track bundled purchases or albums bought together in a single transaction.
How long do customers typically spend on our platform before making a purchase?,"The dataset lacks user interaction data, such as time spent on the platform, so we can't determine the duration of customer visits before a purchase."
What are the return rates for the different products we sell?,"Return transactions are not tracked in the dataset, so we cannot provide information on return rates for products."
Can you provide details on the effectiveness of our customer service?,"The dataset does not include data on customer service interactions or feedback, so we cannot assess the effectiveness of customer service."